"","year","State","FIPS","yield_ana","yield","area","A","B","C","D","E","F","G","H","I","J","K","L","M","N","O","P"
"123",2003,"OHIO","39051",6.21972373698372,38.25,520,34.1574929016568,32.52983507672,34.0311870796431,32.6446101040198,33.5677088819899,31.6437147255431,32.4748607315269,33.807689816445,32.0294377352105,31.9622869666164,32.7209494103234,33.9759679329776,32.3270298838039,32.4347296407424,32.2906841646297,32.5466350126057
"140",2003,"OHIO","39069",-0.560276263016277,31.47,880,32.3861391546888,30.6170606168904,32.0337923348899,30.8805946403369,31.7908440379632,29.7029392418048,30.7633778550916,32.0806584396964,30.1381565528335,30.2378508995094,30.9543700833682,32.1770877352674,30.3853504417549,30.6460748567,30.5488246473028,30.7532464032761
"157",2003,"OHIO","39137",-0.890276263016275,31.14,2070,31.8789387912738,29.9635003464447,31.3154089984245,30.3288381982908,31.2097192550889,28.941340417437,30.2618842358468,31.5678486308572,29.4477287412697,29.6612310838151,30.4051239602803,31.6013308005752,29.6548233740247,30.0282897529924,29.9737489105113,30.137321027544
"174",2003,"OHIO","39173",-3.19027626301628,28.84,510,31.2717251439819,29.4360573855128,30.6393384959289,29.8610846210103,30.6406737200927,28.4644896706772,29.772583331145,30.951218052737,28.9365047026205,29.2141241450416,29.9341268280491,31.0244762234708,29.1632372385817,29.5907216087577,29.5167536466579,29.6956528734438
"199",2003,"OHIO","39143",-1.21027626301628,30.82,340,31.0528362013734,29.0188667960275,30.3823759875602,29.5680577830865,30.544125816152,28.1669085129887,29.5414376227372,30.9237680220486,28.6875847495372,29.0913202466918,29.6343404026873,30.8821084453103,28.8367879348167,29.3737176566786,29.3652831920864,29.4705082411461
"215",2003,"OHIO","39037",-9.81027626301628,22.22,650,30.1989112952934,27.944787077004,29.4599251999959,28.4946850612423,29.55332024761,26.9061740190275,28.6451374529782,30.2328785956883,27.690798931664,28.0760904365079,28.572372746033,29.945283071193,27.6677208556425,28.2162889873275,28.3779134705505,28.3281759091655
"17",2004,"CALIFORNIA","6011",10.0577454184345,43.02,20500,36.8544343826812,36.3611847418381,35.7020630638785,37.0907924393247,36.8862469746078,36.2980904128892,37.1222218770114,36.7315683670828,36.1413690441815,37.0504396389861,36.9993110571476,36.5755692086374,36.0663592460935,36.8624332506323,36.7958053601598,36.7067258690692
"25",2004,"CALIFORNIA","6067",2.94774541843449,35.91,2200,33.3695468918479,32.4648661792403,32.8299375950071,32.9456519697399,33.4302844650915,32.3832209919449,33.1124418449454,33.7346209233796,32.6428544693539,33.1490548811387,32.936576880946,33.3727880126815,32.4774804165857,32.9498181714032,33.0913302773956,32.9364413011464
"44",2004,"CALIFORNIA","6101",8.8477454184345,41.81,6200,30.919441250224,30.0723957038218,29.9982605608456,30.7069335929593,30.9355320686001,29.9502585540014,30.8351178759932,31.0495202907377,30.0173544237273,30.7687236130548,30.6542433800908,30.7269193558309,29.8694830505873,30.5415498162212,30.5951291944502,30.4492550577678
"54",2004,"CALIFORNIA","6113",7.0377454184345,40,37300,32.7315979273613,31.7136962585697,32.1355040607389,32.2577631116381,32.8673986275659,31.7160330761874,32.3618912668069,33.0242585521216,31.8261792592038,32.4357689852418,32.2192955094268,32.711746372689,31.7005847477789,32.2526421922268,32.31813133585,32.1941822861219
"64",2004,"CALIFORNIA","6019",10.5477454184345,43.51,103300,38.7889325222285,39.1882788056167,37.7307426191679,39.5132302478715,38.3583482924137,38.696463865132,39.8151936372787,38.6704026554305,38.9218362834162,39.3671382800311,39.4999709139399,38.2891641832637,38.6413529171317,39.0361436702881,39.2228298184916,38.9793153037834
"82",2004,"CALIFORNIA","6031",4.3777454184345,37.34,22500,39.42862150588,39.905248940055,38.2938708379884,40.206152670899,38.8703746442246,39.2647838873632,40.5666673894927,39.2920420572148,39.6047449692987,40.0088233749771,40.2167129536075,38.8692062901761,39.2919673134278,39.6600528834934,39.9038818227423,39.6338535663436
"88",2004,"CALIFORNIA","6039",8.2377454184345,41.2,1500,36.5382955475466,36.7643943765759,35.2693415645375,37.3422390652233,36.2707713155839,36.4230074190585,37.3165698029669,35.9921624424634,36.2649699907477,36.9922272333246,37.294290109114,36.1114096342709,36.3056594756065,36.9531796488967,36.8413353399174,36.8507817520244
"97",2004,"CALIFORNIA","6047",8.1277454184345,41.09,15600,38.5987114187065,38.525475381849,37.7687063012302,38.8778276331473,38.3038915063655,38.1249155088624,39.1040666923962,38.6038419198326,38.4009191792456,38.8070629386354,38.8878271152106,38.308507824717,38.2117115251418,38.59148202414,38.7550559430349,38.5844799971144
"107",2004,"CALIFORNIA","6077",7.0677454184345,40.03,35000,32.0751278911726,31.4902298341876,31.5774331544406,31.8842924015951,32.0893294244817,31.396728921032,32.0928688917681,32.4444726782679,31.6810134788688,32.1015608672879,31.8771961303173,32.0498923549896,31.4706090615317,31.8614618075888,32.0370994626969,31.8489886618616
"117",2004,"CALIFORNIA","6099",9.1077454184345,42.07,12400,32.3325431991423,32.0798587052936,31.6973270886402,32.4467273164681,32.2227807417039,31.8785188101468,32.6712956419229,32.5571625584566,32.1536679693691,32.5632979742856,32.4425346238289,32.1962443099267,31.9374752645413,32.316248148649,32.4919864372368,32.2998511539998
"122",2004,"OHIO","39051",0.407745418434494,33.37,570,34.3489550291309,36.5969116389279,34.7732536160362,36.6178106351376,34.5589413658895,36.9354787498743,37.5036643142844,36.3575479626148,38.5464211537349,38.2514573668507,36.748302118826,35.2688958275507,37.655700527296,37.4740533135788,38.4672110947673,37.7370946053731
"139",2004,"OHIO","39069",0.6277454184345,33.59,1010,32.0735734418858,34.1154612796011,32.2184038294069,34.2646085279656,32.2138346041131,34.3448857247921,35.1501496542467,33.9657037900349,35.9145667102252,35.788851021625,34.3838671507147,32.862794833327,35.029750830129,34.9976433044674,35.9648828502721,35.234221933727
"156",2004,"OHIO","39137",-4.1322545815655,28.83,2030,31.8997717002682,33.6178555744528,31.585918065651,34.1121411489361,32.0931632692037,33.8439905879829,35.0224887676849,33.8339608170276,35.4100147216005,35.6844436374957,34.200463903552,32.6401355435331,34.4856599272333,34.8119516493687,35.775649320382,34.9992705353953
"173",2004,"OHIO","39173",-9.5122545815655,23.45,600,30.612490433043,32.6732278996161,30.8163547706971,32.7335738529859,30.7356506217674,32.9097051757189,33.5883052163088,32.3967766467229,34.3576761707544,34.1740278923227,32.8376113778421,31.319528043277,33.4916114653972,33.3927839974139,34.3119008457086,33.6006905702251
"198",2004,"OHIO","39143",-7.2022545815655,25.76,370,31.0859507567905,32.6307848830694,30.571214550798,33.1663752562835,31.1759754353,32.7254106027925,34.0794406198105,32.8712225270148,34.2310633293793,34.5897975609011,33.2457143348115,31.6593430435687,33.3106099307309,33.7060648988252,34.6425479139272,33.8674677765835
"214",2004,"OHIO","39037",-6.9622545815655,26,760,29.4366735038146,30.7231676732038,28.8111273411009,31.5102371946156,29.7605760859146,31.0402246768615,32.5351099517398,31.6493126317678,32.6587789282694,33.2898888588424,31.555297307243,30.1613703716103,31.578524279076,32.2138007403424,33.2502816602089,32.3361066231379
"121",2005,"OHIO","39051",4.181755102264,38.13,530,33.3088483237312,32.8044839476847,34.8291090250987,32.5788781509224,34.6504843943545,34.4789204690116,31.1550176605487,32.145859355961,31.9307118637981,32.0466911936948,32.5582884461023,34.1720251833859,33.6356840992211,33.3279725336661,31.7481716959577,33.2801382330456
"138",2005,"OHIO","39069",-2.598244897736,31.35,990,31.3889859475956,30.8072142309851,33.0232562913405,30.5501110047762,32.7637092463989,32.5054872423174,29.1094782660977,30.2565067397191,29.9524537926505,30.0162409791089,30.5300574441959,32.2943122873149,31.6801963548388,31.3349712507283,29.734325212453,31.2885610944766
"155",2005,"OHIO","39137",-0.598244897736002,33.35,1630,30.8106923995406,30.2612786767636,32.3237712772686,30.0209870574017,32.1036463114039,31.874157356712,28.5537064822495,29.5649943021576,29.3114932606268,29.3971861869891,30.001288380621,31.6427533395507,31.0639459862496,30.7445422602169,29.1241885129115,30.6988002301617
"172",2005,"OHIO","39173",-8.058244897736,25.89,720,30.4136177424348,29.9007177784545,31.8206782465297,29.6824809071418,31.6456466879402,31.4488676053835,28.2324910844036,29.1351839958936,28.9232371699892,29.0343688984894,29.6630542978916,31.192061905219,30.6516386896373,30.3607129371987,28.7638720656119,30.3154885317328
"197",2005,"OHIO","39143",-13.408244897736,20.54,370,31.2541088635228,30.5646408133193,32.311292161315,30.5508044625088,32.4359128625648,32.0575641552479,29.1012382362483,29.9091276015483,29.519112384411,29.8764665355815,30.5304372639314,31.9606558539274,31.2513440207711,31.1711512875598,29.5804561666237,31.1234441262148
"213",2005,"OHIO","39037",-8.158244897736,25.79,700,29.5384372766448,28.2261217544628,30.7998762373554,28.3185538999593,30.853474613913,29.7661617010314,27.0337111481803,28.6862292328499,27.5343917126598,27.8947598171999,28.3013201475021,30.4344310518096,29.1069341405875,29.0991312335247,27.6628154503439,29.0595896969381
"120",2006,"OHIO","39051",-8.61824721152778,26.37,590,35.2805350009976,35.399293540148,36.1010492914501,34.5195062986744,34.8703628774214,35.0628839222707,34.6424095182101,35.078859023141,35.1875017479819,34.1814497161359,34.7358585387026,35.1669822755153,35.2800188888283,34.4421155106984,34.5015484313158,34.6303664921115
"137",2006,"OHIO","39069",-7.03824721152778,27.95,1110,32.9103668294858,32.9118514118726,33.7647968537089,32.0146840824798,32.4944672665421,32.5500319045683,32.108429663141,32.6801276266234,32.6622207750971,31.6259166957186,32.2429214752994,32.8014093339053,32.7974339135778,31.9400432985806,31.9737713581568,32.1417796295082
"154",2006,"OHIO","39137",-5.64824721152778,29.34,1950,32.4397620753532,32.4912866581682,33.3711783628842,31.4757279791251,31.9272488269132,32.0352691228192,31.5408052041886,32.0884707904992,32.1409211227202,30.9573385782765,31.7501511818759,32.3134159564104,32.3586208422296,31.3889355121553,31.3850617731319,31.6328207380978
"171",2006,"OHIO","39173",-13.3982472115278,21.59,730,31.8054403857077,31.7471450592046,32.7946598721553,30.681480310705,31.2328920312059,31.1965629589959,30.9084381520081,31.6658787071103,31.5615759463448,30.2934011966184,30.9993135277733,31.7039742941871,31.6404766914361,30.6098093837933,30.7828756005873,30.9052291744922
"187",2006,"OHIO","39123",-9.20824721152778,25.78,320,34.4588919314126,34.4762342514422,35.5289849445723,33.3605384101912,33.8692358992257,33.9177739025997,33.675716174774,34.4632814163164,34.4245554199541,33.079192757402,33.6925148520351,34.3933696592027,34.4069445302686,33.3116631976132,33.5944509111208,33.631897161105
"196",2006,"OHIO","39143",-16.9282472115278,18.06,310,32.4131649172596,32.3277298381379,33.4619924772427,31.1690257000428,31.7315185420002,31.6434641476816,31.4857424421702,32.3307242863744,32.1850197102008,30.7823772777073,31.5470055239477,32.3174428385268,32.2270256508197,31.0997953796294,31.3671527988305,31.4583065304397
"212",2006,"OHIO","39037",-7.13824721152778,27.85,790,30.7428930634152,30.6674729351789,31.8994674102926,29.4386230628684,30.1262839174928,30.0930281364517,29.4041397624939,30.1993341464984,30.1330780014748,28.6776346914274,29.7812167035075,30.6080496254164,30.5258482384518,29.3450261373998,29.2394404278222,29.6561217845029
"119",2007,"OHIO","39051",-9.83226152294083,26.25,550,37.9449437649207,34.9868577809525,36.0147336094482,37.0478092836128,38.6540202832778,35.4755715316569,37.5133276398112,39.1292541685496,35.8601705971635,38.0929588625811,37.0782410227985,38.4171488428286,35.4294626805438,37.5234816756144,37.9578625209433,37.5125432794407
"136",2007,"OHIO","39069",-5.05226152294082,31.03,1060,35.0856377265219,32.0267468168518,33.3343730367328,34.0627628932379,35.8916131377262,32.5894328333586,34.561306861821,36.4397289520397,33.0425343741996,35.2343370656962,34.0924992561076,35.6595126601172,32.5627038010327,34.6294534518333,35.1031497786956,34.6191343661521
"153",2007,"OHIO","39137",-8.32226152294082,27.76,2080,34.6669373259788,31.3138464750853,32.8477889832547,33.4923025656312,35.5469000555608,31.9140121723919,34.013245913705,36.1389272967129,32.4150286722441,34.752911230712,33.5226493159398,35.3070861107741,31.912267667355,34.121163110122,34.6199678286686,34.11081541862
"170",2007,"OHIO","39173",-6.67226152294083,29.41,490,33.8324892489234,30.5409000451142,31.9647346932547,32.75189429247,34.7405339807459,31.1733824458835,33.2279570482048,35.259238295197,31.6068014696596,33.9924792366427,32.7836072863519,34.4961191971492,31.1584808937323,33.4015034149673,33.8571172142776,33.390662440198
"8",2010,"CALIFORNIA","6069",24.3116235571215,64,2000,39.5500411488328,40.02119614072,38.6224752635212,40.5524757799211,39.6243449795676,40.1836564663351,39.9491170872153,38.6826570880857,39.285859030744,39.947380056982,40.4301633714111,39.3408234262558,39.8081975957486,40.4088565306115,39.7690939606989,40.2299615894137
"16",2010,"CALIFORNIA","6011",0.811623557121493,40.5,14000,46.1584539926987,47.1643335351399,45.6820517185131,47.1222323798246,46.0091136262113,47.2493627104211,46.213904116559,44.6723738754115,45.8795614844047,45.9576935244989,47.0169547693769,45.7390687550003,46.7329742939499,46.8096805379952,45.862599674194,46.6364908385032
"24",2010,"CALIFORNIA","6067",5.81162355712149,45.5,2000,42.34987965014,42.6972714215175,40.9579641510615,43.4795183540086,42.3589765615864,42.7703734560702,42.7201135389306,41.1625978338922,41.6781198920283,42.6293666073693,43.3358200291496,42.0048858634398,42.3570386612873,43.2343507601551,42.4203433606509,43.0164048974922
"34",2010,"CALIFORNIA","6095",10.0916235571215,49.78,9000,38.6903421418227,38.7045827759415,37.1253661206865,39.7335710023612,38.889848132154,38.9414066755349,39.0174273453086,37.6660373613689,37.8243202057624,39.0790099124593,39.5401054005444,38.3835599819272,38.4104261583854,39.5365850669333,38.749488363208,39.2566896893681
"43",2010,"CALIFORNIA","6101",5.31162355712149,45,7000,40.2277206457074,40.725382682479,39.2246219353621,41.1517939981343,40.1678017447007,40.7971186674128,40.3004018950361,38.8547483629525,39.5358182462054,40.1188452895725,41.0204377344349,39.8168315416148,40.3166442167672,40.8553741759057,39.9519188320707,40.6487953388958
"53",2010,"CALIFORNIA","6113",1.4016235571215,41.09,32000,42.3583819834539,42.8785515858114,41.2733072317922,43.4209545877493,42.3870271320348,43.0374275619117,42.6002904260884,41.0968807057463,41.7927485305369,42.5091771041387,43.2693715521856,41.9996618616974,42.5198813897892,43.1690933176427,42.2938661615071,42.9398759757935
"63",2010,"CALIFORNIA","6019",4.61162355712149,44.3,100000,47.9699762025813,48.9338442621774,47.6870138021929,48.7125618591613,47.6246074691303,48.7605277128176,48.0151907688535,46.6910138925974,47.8261404987835,47.6331302212143,48.6940470106606,47.5950534573537,48.5462332061305,48.4105001563729,47.6989990010212,48.3549184975562
"73",2010,"CALIFORNIA","6029",8.52162355712149,48.21,14000,44.9865126928267,46.3704678312798,45.1705712232506,45.7865831908377,44.5501914976064,46.1476893403059,45.2590302111856,43.9405138450559,45.4737890044812,44.8523213341981,45.8221779610313,44.7027570748211,46.0591323123205,45.5365063046051,45.0165362334423,45.5588913145204
"81",2010,"CALIFORNIA","6031",11.5516235571215,51.24,34000,46.9493383810993,47.7023175128627,46.0830658817648,47.7542879576519,46.507059314103,47.422581478052,47.0762591549466,45.4618177130221,46.390325257152,46.5783205540911,47.6955150972898,46.3256058814527,47.0805936419549,47.2700613328028,46.5196428428801,47.1418826839902
"96",2010,"CALIFORNIA","6047",11.4216235571215,51.11,18000,46.3992207312079,46.9840834952079,45.2759173052043,47.4544658272791,46.2946000883288,47.0132522876153,46.7751283416414,45.185548092922,45.9297032779919,46.5846332079261,47.3237722666022,45.9553402627777,46.5413663556664,47.1293287401765,46.3779913034313,46.920720228657
"106",2010,"CALIFORNIA","6077",1.64162355712149,41.33,24000,41.5282668219392,41.799750708455,40.2407727797717,42.5871042180669,41.6664107972328,42.0166612555152,41.901512636554,40.5235238117327,40.9385106107434,41.9240128218505,42.4170745357122,41.2336712833205,41.510080015965,42.3915152508814,41.643505814911,42.1432414999253
"116",2010,"CALIFORNIA","6099",5.42162355712149,45.11,9000,41.0557636506848,41.6831505360882,40.1211404607868,42.1345493809158,41.1025487240811,41.8781272407163,41.4336750593484,39.9761035035223,40.7568771525137,41.3815065403846,41.9878615292502,40.7380394155077,41.3610434176169,41.9127274031312,41.1559284163998,41.6931396164906
"7",2011,"CALIFORNIA","6069",4.67156125522335,45.67,3000,46.0481022102941,45.2043191468575,46.0266931369348,45.583495236496,45.9108903555645,44.7630726864526,45.3380183820155,46.0890558471637,45.2225254727657,45.2946869611459,45.7274434469449,46.57740823093,45.6741746899046,45.9010629601082,45.7744721183644,46.1722267792774
"15",2011,"CALIFORNIA","6011",3.42156125522335,44.42,12000,49.8639428097562,47.7843650044941,49.8327320277534,48.5997939263641,50.1208901038083,47.5390871748361,48.0419302814173,49.93059698333,47.7456974118153,48.2331676826399,48.729536275016,50.6989280207779,48.5431013244696,49.1715065515932,48.7457150933498,49.4470485711267
"33",2011,"CALIFORNIA","6095",-6.55843874477665,34.44,9000,42.8678051870812,42.0789802148118,43.2689436724704,42.1550788195518,42.7269159646367,41.6732937767819,41.8458700226941,42.827034971502,42.0161089545283,41.7774004297554,42.3003525758502,43.3661749063535,42.526308715246,42.454480310903,42.2629892445597,42.7258407341074
"42",2011,"CALIFORNIA","6101",-3.82843874477665,37.17,6000,44.1948268006011,42.8216011902923,44.6458839857019,43.1128056393783,44.2171422715715,42.45189883361,42.6733454249541,44.2492975932035,42.8049400473741,42.7189253430042,43.2745643452025,44.9330021124224,43.4872444439506,43.5890641779405,43.2935097268783,43.9068018326124
"52",2011,"CALIFORNIA","6113",-5.34843874477665,35.65,34000,46.2933678523641,45.0407506144525,46.4721802441028,45.3895175611698,46.1902591554885,44.5772108430759,44.9758576062131,46.2141423108831,44.9274026301782,44.9292225766755,45.5494329290547,46.8903296917268,45.5801423565955,45.7577858365458,45.4769498653478,46.0607158439928
"62",2011,"CALIFORNIA","6019",12.6115612552234,53.61,95000,50.7594471817305,48.8308435633812,50.895221609005,49.3433626047999,50.6761432746108,48.2843499890084,48.937319337125,50.811912781655,48.7671219944451,48.8904956207452,49.5244200312236,51.4239105280632,49.4429622210844,49.7607589027285,49.5054455693759,50.1037866205007
"72",2011,"CALIFORNIA","6029",9.23156125522335,50.23,13000,49.0149359788603,47.3715090833561,49.2544730638176,47.6823925314303,48.7419791693354,46.6797375801075,47.3150562778327,48.9766545853804,47.2483637973872,47.1403219021914,47.8886684754844,49.5890832449371,47.9013576406046,48.0155052890741,47.8071068013286,48.3907773015655
"80",2011,"CALIFORNIA","6031",10.8615612552234,51.86,28000,50.2961908867164,49.0758644434548,50.4109335222122,49.3959410509722,50.154055082048,48.6058852288844,48.9481281376284,50.07675473539,48.8471561601972,48.855886934563,49.5445222033345,50.7852819260301,49.5219444404478,49.6907140146984,49.3615906520403,49.9670040775627
"95",2011,"CALIFORNIA","6047",11.0815612552233,52.08,13000,49.868643300128,48.4213224640571,49.7949404372603,48.9405553465663,49.8341477407992,48.0256398639933,48.4202706257325,49.613815341651,48.1568942503974,48.3939866504792,49.0708473107928,50.3905850967838,48.8983969246069,49.2714207505773,48.8613266602869,49.5215959787941
"105",2011,"CALIFORNIA","6077",3.35156125522335,44.35,20000,43.3751717706483,42.1544939721962,44.1824084484828,42.1997375892819,43.4710776660592,41.9106133588407,41.7748089060748,43.4787520959356,42.1718272316985,41.8614524046042,42.343868285677,44.0986737427352,42.8083678546243,42.6778296101149,42.3859611921884,42.9668021129653
"115",2011,"CALIFORNIA","6099",2.10156125522335,43.1,10000,45.0061573417556,43.3854543889663,45.0618284269166,43.8973440218126,45.0251476986102,43.0103101581929,43.371803448239,44.8417339585988,43.1782328435805,43.383086626955,44.034235145728,45.6049876062205,43.9335628737404,44.2855411853033,43.8796508462112,44.5528130354661
"6",2012,"CALIFORNIA","6069",0.637486955703935,43,2000,45.369820794895,40.1560063766649,43.8464366155768,41.7034456035499,45.517585459237,39.9937018851026,42.3289976607164,46.6169832035667,40.764031271271,42.360343990656,41.6511612547856,45.5521726159716,40.1815507208094,41.7632740234259,42.4399613886853,41.7028317433625
"14",2012,"CALIFORNIA","6011",2.25748695570393,44.62,13000,48.3086367284184,44.2808271355124,46.6664243891999,45.6599308567763,48.37002632145,44.1454180747353,46.3039494469122,49.3746721212654,44.8782080066263,46.3122377104441,45.6194924309764,48.3960921582815,44.2940892619391,45.6908436280876,46.360913545684,45.6473871569997
"23",2012,"CALIFORNIA","6067",6.63748695570393,49,2000,43.714796391965,40.2194624515665,42.4693430300728,41.3477145715503,43.6186289559268,40.0588296464911,41.8245731641379,44.533249597068,40.6815119828433,41.7643983447564,41.2821219700976,43.7517165952569,40.226900153993,41.3609346302002,41.8564000541753,41.2983584964364
"32",2012,"CALIFORNIA","6095",-8.36251304429607,34,10000,42.4465490133934,39.5616654527802,41.0177563157716,40.5744184698384,42.3625496136942,39.4682495067987,41.018441848997,42.9404772693754,39.8886019353917,40.95971846797,40.5489227924274,42.3294181995269,39.5510306496445,40.5480380154601,40.9722423572413,40.5304689827915
"41",2012,"CALIFORNIA","6101",-5.22251304429606,37.14,7000,43.1930466714402,39.740231469743,41.8802307849944,40.8709749368452,43.164519541299,39.6080946740414,41.3529254017978,43.9830985972146,40.180180994148,41.3205799607336,40.8240886634372,43.2233641693231,39.7467969483433,40.8842473294834,41.3811867775736,40.8386981309153
"51",2012,"CALIFORNIA","6113",0.877486955703937,43.24,34000,44.1440887665193,40.7790153764265,42.7453471239934,41.918625791615,44.1203808119748,40.6569715955606,42.4426822171311,44.9384091704796,41.2463490481468,42.4139518240262,41.8786752995996,44.1520621372528,40.7828863278269,41.9261679964897,42.4590017022676,41.8881639752969
"61",2012,"CALIFORNIA","6019",12.8974869557039,55.26,98000,49.0871017132404,44.5307941572983,47.821905855679,45.9384413689238,49.2071962983917,44.3468549983199,46.6632894448884,50.5811783430048,45.3380386848496,46.7035190701955,45.8670075175858,49.3719448423836,44.5670332132329,46.0217315459666,46.8188542705324,45.9388198929572
"71",2012,"CALIFORNIA","6029",13.5574869557039,55.92,12000,46.3543813700132,41.8986541299777,45.3856458493259,43.2082635076165,46.4585854979137,41.6940455925551,44.046761234446,48.0921732344283,42.9007452862672,44.0896362836948,43.1198079711114,46.70694053237,41.9425876343539,43.3080636126231,44.233992220645,43.2061103438444
"79",2012,"CALIFORNIA","6031",7.29748695570393,49.66,29000,49.8811445676959,45.4932510173306,48.5688383023617,46.8850046432038,49.9929466314492,45.3163604046674,47.4487691752901,51.1479227974145,46.1066150911576,47.4809352283077,46.8176516106045,50.1458194880458,45.5269703029779,46.9625990005111,47.5948804262134,46.8846247952013
"87",2012,"CALIFORNIA","6039",9.30748695570394,51.67,3000,47.614576489192,42.5234694971267,45.677123087421,44.3128482644115,47.7925066456805,42.3298074116364,44.5964337517233,48.6355242049592,42.7690163167208,44.6428918004126,44.2483578875026,47.9260413607501,42.5625548841631,44.4047911857464,44.7701550882162,44.3263496293621
"94",2012,"CALIFORNIA","6047",1.25748695570393,43.62,13000,49.5042519215559,45.0747275256906,48.1849583075133,46.4195279246161,49.5897168384182,44.9165335611703,46.9848660027691,50.6351774260986,45.6459295661077,46.9980984791783,46.3628821476787,49.6732756820491,45.0979525256387,46.472718037215,47.0853949787586,46.4097257776795
"104",2012,"CALIFORNIA","6077",-1.45251304429607,40.91,22000,43.5785988181025,40.2937747644929,42.1608531056717,41.4085231570818,43.5420672676688,40.1803037805785,41.940628624453,44.323056296588,40.7529636924804,41.9053659828388,41.3733578357663,43.5496422793451,40.2934377321165,41.4063221981691,41.9385827620942,41.3747644611872
"114",2012,"CALIFORNIA","6099",8.13748695570393,50.5,10000,42.7008698731969,38.5763525623494,41.5094290568465,39.7982492677852,42.7546778157492,38.4292858131598,40.3425735256254,43.7355913078992,39.1225722203672,40.3424259599284,39.744642867351,42.8274346124481,38.5946271888138,39.8394506213128,40.4213397758667,39.7817957406725
"5",2013,"CALIFORNIA","6069",-6.28059934140765,37.5,2000,43.5649466227184,46.0973307705896,44.4120654736953,45.0560287231579,43.3482754444731,46.3048494340491,45.4716856799848,43.6398972606477,46.3546713885268,45.387755877681,45.0411082184371,43.215051455858,45.8658510297839,44.8310260329012,45.2229487227894,44.7914020593543
"13",2013,"CALIFORNIA","6011",8.13940065859235,51.92,12000,45.2704965129075,47.9479334660431,45.8210263888029,46.906334238783,44.7151940185634,47.9141518822094,47.2985243454563,45.0257177522347,48.0240093963538,47.0097344093233,46.902008477754,44.6859130059543,47.5708101570523,46.522828171321,46.8957291311538,46.4977726637894
"22",2013,"CALIFORNIA","6067",-4.28059934140765,39.5,2000,43.9229810970312,45.2698095497417,43.9362734370083,44.8570195591665,43.5265934655378,45.1428685270217,45.3360715365202,44.1403004002438,45.5597144497731,45.1458687806822,44.8597370672399,43.5693015474304,45.0415790035826,44.6205612553973,45.0932557073014,44.615951105133
"31",2013,"CALIFORNIA","6095",-4.45059934140765,39.33,9000,40.8592885927183,41.6652664061283,40.6238372537558,41.5113860446954,40.6446151464642,41.6516242126526,41.975712062485,41.1618224214704,41.9755613106767,41.8825942588426,41.5038667347507,40.5536103696478,41.4697294893713,41.3190628712253,41.7684307171293,41.2957292782349
"40",2013,"CALIFORNIA","6101",-5.07059934140765,38.71,7000,41.5446028408334,43.3207707576364,41.797591536009,42.6624731781811,41.0980128902663,43.234175257049,43.1063479428527,41.6000871520229,43.5315811687011,42.88277912419,42.6624482112949,41.1080576800209,43.0401767836982,42.3744678053189,42.8071738902742,42.3621401374261
"50",2013,"CALIFORNIA","6113",2.50940065859235,46.29,34000,42.4888957187665,44.0286095601105,42.6097557976149,43.4956361877228,42.081922055302,43.9447128132487,43.9681993413053,42.6312052975478,44.2833482444767,43.7684264456016,43.4946680330664,42.0770941387852,43.7643184381929,43.2255979394328,43.6867598087545,43.2121377258183
"60",2013,"CALIFORNIA","6019",5.16940065859235,48.95,99000,46.9608906079893,49.8097138394724,48.1806561657534,48.5159241196625,46.6647628645381,49.9644483343851,48.8739912441621,46.9523290464757,50.0197623488747,48.7450840995576,48.5091127880836,46.6361074347016,49.5933979717898,48.2975826052529,48.6403368291598,48.274564907286
"70",2013,"CALIFORNIA","6029",-1.47059934140765,42.31,13000,46.2228117836015,49.4317011749922,47.5950629950026,48.0492881367406,45.9007654530264,49.5387375807786,48.4668163832709,46.3553900664034,49.7546671683203,48.3420494027052,48.050291555127,45.9960840534744,49.2714786850813,47.8801557493938,48.2922196106354,47.8749654872816
"78",2013,"CALIFORNIA","6031",2.02940065859235,45.81,27000,47.1375635879751,49.952565053591,48.581518352868,48.5480143812421,46.810286054555,50.0675440314793,48.8509316152107,47.0899907108499,50.122987804399,48.700030199812,48.5468461749052,46.8445190887367,49.7580444675258,48.345990607973,48.6399085817624,48.3350271229395
"86",2013,"CALIFORNIA","6039",-5.58059934140765,38.2,5000,47.7535746734913,50.6737798227793,48.5852709739778,49.6051831961574,47.5234544398924,50.874024599766,49.5802551016943,47.1436770530358,50.4794418513633,49.4647276463947,49.592056993972,47.4391096247998,50.458731202099,49.3950690300999,49.3486151374723,49.3596913513244
"93",2013,"CALIFORNIA","6047",12.9894006585924,56.77,13000,46.0016739927658,48.1463500314969,46.6994179085637,47.2430249834715,45.6829803600378,48.1977448051498,47.6348272191074,46.0715901130518,48.3732546882569,47.4884707650542,47.2388362239221,45.6644195978377,47.9255502357665,47.0190140158811,47.3979413913571,47.0010334027049
"103",2013,"CALIFORNIA","6077",-0.730599341407654,43.05,21000,42.3460375450461,43.9410504933585,42.3515150048304,43.4642652079288,41.9840513735157,43.9096048802284,43.8393000409493,42.3202229650382,44.0871442305846,43.6580054958747,43.4580562768631,41.9217062434019,43.667369272186,43.1899467396317,43.5480811558026,43.1657553182076
"113",2013,"CALIFORNIA","6099",-5.86059934140765,37.92,13000,42.3502301715994,44.6162487496747,42.9414251805269,43.71233518635,41.9698808873606,44.6466374049049,44.1072408946381,42.3290329622954,44.7993029469646,43.9233940009319,43.7071434590395,41.9364090849631,44.3469405942544,43.4399164388268,43.8190315453049,43.4178534500926
"12",2014,"CALIFORNIA","6011",3.68730236380128,48.94,16000,46.5955798504089,48.072372032288,47.4446741856244,47.3249098419323,46.7242139083217,48.4731225882141,47.9548104993002,47.3926045698834,48.8004435017691,48.1430524262421,47.3118661885022,46.6458831841404,48.1175841863277,47.3777405347222,47.9938361364004,47.355154182963
"30",2014,"CALIFORNIA","6095",-1.75269763619872,43.5,10000,40.7843066077321,41.8317151446104,41.8221803796524,41.0406230912551,40.7538976618872,41.9094931122468,41.7881147030196,41.8186235325454,42.6987948875348,41.8460223515642,41.0482670258451,40.8600596465065,41.9104755887891,41.0992099265689,41.8551814873168,41.1161486180945
"39",2014,"CALIFORNIA","6101",-1.05269763619872,44.2,10000,41.559615447603,42.8802836495079,42.6563446251396,42.0256132795056,41.5867250887139,43.0813815179856,42.7161871888794,42.5143260778704,43.7198330344678,42.8310484592724,42.0277150248536,41.6529550753114,42.9788429705349,42.1036650271506,42.8031246233948,42.1108835590251
"49",2014,"CALIFORNIA","6113",1.20730236380128,46.46,37000,42.7808297095169,44.1536064966347,43.9662259011779,43.2227651393557,42.8022708546296,44.359777722296,43.9282512892942,43.7463829509559,44.993746064647,44.0350828323897,43.2247521529233,42.8640191086012,44.2380785474826,43.2921460305579,44.0036604470423,43.2987881680091
"59",2014,"CALIFORNIA","6019",4.07730236380128,49.33,90000,48.4870937576566,50.2463832433659,50.0210427165081,49.1162367813658,48.5529328209106,50.5403209923976,49.8944140794271,49.6446908479322,51.3068459411096,50.0829262464771,49.120896380545,48.6716186749599,50.4533191509724,49.2710287433189,50.0803132629321,49.2862777584907
"69",2014,"CALIFORNIA","6029",7.60730236380128,52.86,14000,46.6935587602917,48.9890492730774,48.1513132977436,47.856572358368,46.73563892419,49.2758499320505,48.6592831690548,47.8505470590251,50.1381967757791,48.8694847467404,47.8642619571327,46.9252397610959,49.2526957800546,48.0481439430364,48.8950224341636,48.0706678369351
"77",2014,"CALIFORNIA","6031",8.87730236380128,54.13,30000,47.5041469962957,48.7320046506622,49.2925335545239,47.5955928771369,47.6095362973811,49.0119896167117,48.3448732207279,48.8019110509941,49.8700269145285,48.5646056754303,47.6054929276724,47.7628978619123,49.0344582755742,47.8122439094008,48.6162942754599,47.8400025447266
"85",2014,"CALIFORNIA","6039",5.41730236380128,50.67,6000,46.3843487469844,48.1268387264068,47.6877952091557,47.1845663552343,46.5053647955757,48.4868069883976,47.471282364434,46.9104630802243,48.7370456926327,47.6921274030849,47.1854059884364,46.6020490428887,48.3781605117073,47.3710401637588,47.7040934358661,47.3803447609771
"92",2014,"CALIFORNIA","6047",5.09730236380128,50.35,23000,47.3195316560463,48.6945629894634,49.1186759599649,47.434479908741,47.3102302970041,48.8378004439716,48.1796462545694,48.4842395226179,49.6899755023354,48.2789249474801,47.4482948658188,47.4872264739445,48.8803745826043,47.5683019730974,48.3497822592059,47.600070558843
"102",2014,"CALIFORNIA","6077",-1.22269763619872,44.03,33000,42.5386364363689,43.826896412664,43.9149086888933,42.8143806187768,42.5020138337275,43.9150392422764,43.556868277012,43.6166422130699,44.7530351357187,43.6260026962262,42.8262761122011,42.6607096507077,43.9594771382907,42.9095930212642,43.6755979231146,42.9361200405471
"112",2014,"CALIFORNIA","6099",0.447302363801285,45.7,10000,42.42154720239,43.771699267612,43.8937440247402,42.6733119138052,42.3712819305362,43.8540280387044,43.4326076945927,43.5083688138346,44.6955934053857,43.4865755246046,42.6856558118843,42.5306222533267,43.8864419034814,42.7568830346773,43.5366074192066,42.7837802741128
"21",2015,"CALIFORNIA","6067",-6.53880792858195,40.24,4200,48.33808504342,47.9451121243574,48.1696972380034,47.9649583040835,48.4893324215331,48.3704530386848,47.6339967418753,47.7258152261459,47.4500133579624,47.7480091972972,48.1850529918361,48.4159025630096,48.0295222210163,48.0828921967003,47.7196103317049,48.2556621861351
"29",2015,"CALIFORNIA","6095",-2.04880792858196,44.73,11000,44.8753857331038,44.3994658804561,45.2269262745179,44.2137611313259,45.0564340538503,44.7706760654661,43.6636755130943,44.1995469867043,43.8280308757572,43.8197837675973,44.3525758556864,45.0069808467524,44.5389444891304,44.3703370139511,43.8070173669427,44.474309077992
"38",2015,"CALIFORNIA","6101",-1.85880792858195,44.92,12000,46.0698487505969,45.7242780892558,44.9726356027407,46.0722745078848,46.0316825727901,46.0654457898849,45.9649868167057,45.2957275950598,45.0985606502289,45.8779958970442,46.3935593545984,45.9250929098305,45.5815126702259,45.994476906806,45.8290659440366,46.2618681821528
"48",2015,"CALIFORNIA","6113",1.84119207141804,48.62,38400,47.0079487544911,46.6866894764878,46.6899626902837,46.6928228673043,47.0885507907999,47.0923812706549,46.3736976115291,46.2587387000691,46.0742651137212,46.4133527844861,46.9475184611337,47.0028024900337,46.6854566319987,46.7379915216678,46.3786649797361,46.9434709560005
"58",2015,"CALIFORNIA","6019",4.11119207141805,50.89,89500,55.0401121243717,52.4981486869891,52.4526112517715,54.2098358455902,55.264969421796,53.1319555322191,54.0730640475186,54.3533519595765,51.8851370653068,54.2166645552727,54.6904796306509,55.1020005167573,52.5938762748464,54.3651358360695,54.1462558606745,54.7486448844671
"68",2015,"CALIFORNIA","6029",-1.11880792858196,45.66,14500,55.0533558778873,51.7113443161177,51.9174528817156,54.0276983995926,55.3516342760125,52.2930147204014,53.8592025472114,54.506660398552,51.1929406921047,54.080243782967,54.470113433862,55.2005940882272,51.9043022527636,54.2586436376392,54.0169595966212,54.6063023162451
"76",2015,"CALIFORNIA","6031",4.01119207141804,50.79,26500,53.6391894294913,52.4441038883401,52.2063273621328,53.2463374787038,53.8269246486188,53.0381021633187,53.075943306057,52.9629209371141,51.8948263160762,53.1977832693361,53.6404211939981,53.6968355540987,52.5188465672153,53.377508212601,53.140817000497,53.6917170860949
"91",2015,"CALIFORNIA","6047",1.83119207141804,48.61,28100,53.4350691039045,52.4342507628502,52.102411882848,53.0941615156311,53.4818450087871,52.8395836546847,52.8123031905466,52.5470073002558,51.6914366370007,52.8057206841115,53.4320912539862,53.3676150702314,52.3782930242669,53.0959164801466,52.7572899633827,53.3720814287452
"101",2015,"CALIFORNIA","6077",-4.48880792858196,42.29,34000,48.0450809519914,47.3140978358678,47.169239759047,47.7179706194061,48.1307231164604,47.7239372877638,47.2717384752196,47.0714869128341,46.5159109729196,47.3112629841372,48.008148624671,48.0332692681104,47.3114883189214,47.7634953750262,47.2726951688174,47.9979615146934
"111",2015,"CALIFORNIA","6099",-3.72880792858196,43.05,8600,48.8849385771367,47.7775423817909,47.2468358243236,48.6532936797547,48.944216619483,48.1853189953228,48.3338595100665,47.9241261451154,46.988489699211,48.3379596660938,49.0034010880914,48.8275770125449,47.733684118213,48.6658380485053,48.2882437614831,48.9513031020106
"4",2016,"CALIFORNIA","6069",-5.21893021858646,43.14,700,50.1993330083262,50.6202803575519,48.8537120793956,50.8805220837107,50.3152546940841,51.031272111804,51.2520011705572,49.8533687462336,50.360062558159,51.063981759806,51.2417444446771,50.0179693112717,50.4149763414985,50.7815732836729,51.1276629846356,51.1431576496305
"11",2016,"CALIFORNIA","6011",4.90106978141353,53.26,14400,52.5248001373992,51.5849172704361,51.2699163368655,52.2768119828833,52.568080276746,51.6873062249621,52.6122444087224,52.6539740326021,51.6127975099339,52.5103347779734,52.4355296788929,52.4181497317084,51.4744276747727,52.2155241990014,52.5409793210411,52.3796690944931
"20",2016,"CALIFORNIA","6067",-1.54893021858646,46.81,2100,48.985861201817,49.1182124235179,48.085384877716,49.4252591011215,48.986691274787,49.2150159402873,49.8042028991915,49.1113514421645,49.2185970447232,49.695422861007,49.5622720530334,48.8697700457868,48.9879282303533,49.3516050645143,49.7238382095303,49.4994398406245
"28",2016,"CALIFORNIA","6095",-1.92893021858647,46.43,9800,46.2167841009462,46.5433719141937,45.1950951950258,46.8503815059271,46.2201565296215,46.6724609708487,47.2490128278213,46.2750892547229,46.6038756911735,47.1213279462161,47.0172516294459,46.0814565489619,46.3901529440842,46.7647866148641,47.155083216982,46.9436212769842
"37",2016,"CALIFORNIA","6101",-0.458930218586467,47.9,10500,47.4955007101189,47.1530219601891,46.1220884979299,47.8189368731164,47.4943351621517,47.2171886672261,48.2573692833888,47.6850243125429,47.2752746222792,48.1356086462101,47.9660183365128,47.3635961409197,47.0098001988992,47.7350613221248,48.1666788652301,47.8951822931916
"47",2016,"CALIFORNIA","6113",-1.45893021858647,46.9,35800,48.8694315474642,48.8214226204042,47.8777500698586,49.2084396462523,48.8975106692143,48.9521037396907,49.5779006640192,48.9746497927299,48.8974897620596,49.4738382516725,49.3663722821129,48.7636328815502,48.7045160685144,49.145194396883,49.5048112231271,49.3091960459336
"57",2016,"CALIFORNIA","6019",1.67106978141354,50.03,79600,54.3205557650488,54.0745439804562,53.426522555759,54.2504476395351,54.3416057389994,54.2688482100516,54.3924917171291,53.9455650752483,53.7131072429413,54.2245980176237,54.4740362576147,54.1301268715787,53.8621202677952,54.1328825420705,54.2659478479092,54.3733533287473
"67",2016,"CALIFORNIA","6029",-1.95893021858647,46.4,13900,53.2423261188994,53.2368628619227,52.1482950925003,53.4472904356088,53.232983281477,53.4159435898151,53.5641911212929,52.7230875011798,52.7721949497682,53.3644147375091,53.6844793613427,53.0102790860157,52.9758997454487,53.2989341562737,53.4091229016034,53.5610245410961
"75",2016,"CALIFORNIA","6031",6.38106978141354,54.74,27000,54.0556162253827,53.4202415031022,52.7338123491025,53.9652633239256,54.063676224702,53.5463158101804,54.2388219273482,53.9045361230322,53.2212258138453,54.0736261100967,54.1689485655584,53.8676072957137,53.2149146732458,53.8474166445588,54.1133153252367,54.0696600492066
"90",2016,"CALIFORNIA","6047",-0.618930218586463,47.74,23000,54.5307939848786,54.1879997130608,53.0404212177682,54.8213425135609,54.5654446488602,54.3542477897138,55.1512787229362,54.4169164965004,54.0608657485397,55.0000672638655,55.0435725339791,54.3699646713591,54.0121773798442,54.7242089415509,55.0421104605459,54.9573864805742
"100",2016,"CALIFORNIA","6077",-2.52893021858647,45.83,23000,48.4746137276016,48.7281093213922,47.4331345823774,49.025972154826,48.4463077581925,48.818389116236,49.3240174177994,48.372464346229,48.641946476979,49.1763107769602,49.1838759720069,48.3062433717279,48.5377715879897,48.9150536830619,49.208945930031,49.093129910899
"110",2016,"CALIFORNIA","6099",-8.55893021858647,39.8,7500,49.7566379491599,49.3515223490878,48.3390133029451,49.9959791274069,49.7702968577192,49.4617145309235,50.317698373751,49.7104390021795,49.2742034882653,50.1793866532186,50.1792318655909,49.6056508139699,49.1871281451095,49.9021573123502,50.2152561151761,50.0984970332408
"1",2017,"CALIFORNIA","6013",-5.95306450621225,44.04,3300,57.3729697990989,56.6245061893587,57.2068595742956,56.858941456656,57.7603454480286,57.0927158227126,56.9142389838672,57.5586142643841,56.6986107147734,57.1912793231799,56.7912738572301,57.3212049959381,56.5810941075823,56.8651056827893,56.8661363078135,56.7490564213138
"3",2017,"CALIFORNIA","6069",-14.1730645062122,35.82,1000,51.6171507032346,51.6774729147635,52.763896993354,50.8264057013135,51.6166962908822,51.7884736559861,50.9734620463038,51.879643646711,51.8410307636739,50.9409667088032,50.8311340869578,51.5854909012376,51.6404204473402,50.8020252086372,50.9467956199032,50.8091552349688
"10",2017,"CALIFORNIA","6011",-3.83306450621225,46.16,13100,53.1410683164702,52.3658026168755,53.9382281548955,51.963064440739,53.3059082181913,52.5376074316587,52.1032687366086,53.5903656031613,52.6410045623308,52.2067775373258,51.9620769608769,53.2280244543936,52.4577885792526,52.0503752446254,52.1976365517893,52.0522474678993
"19",2017,"CALIFORNIA","6067",-3.29306450621225,46.7,1000,49.4547199862741,49.4189361946369,50.4901432337812,48.7540464197751,49.5188728290445,49.540755669113,48.8063263392245,49.7150200789353,49.6042528984025,48.8479240547348,48.7662369625589,49.5530099094503,49.5136041124314,48.8380231394062,48.9092653466624,48.8624083144716
"27",2017,"CALIFORNIA","6095",-8.36306450621225,41.63,8200,47.5407671921047,47.3817835026246,48.2412214285206,47.0138344560807,47.7274697330437,47.6180406027674,47.0372405282997,47.801306605601,47.5774727875898,47.1885507670329,47.0080891597752,47.6723875015114,47.5125153734871,47.138187409452,47.1718446121938,47.1333966540226
"36",2017,"CALIFORNIA","6101",-9.94306450621225,40.05,8400,47.9478110098354,47.593051098467,49.0344745423074,46.9752434729566,48.1126887665815,47.803062058668,47.0284592284189,48.3119657466371,47.840106896651,47.1469353659872,46.9808093910126,48.0946486551011,47.7394983411026,47.1089021389239,47.1819031338088,47.123932562416
"46",2017,"CALIFORNIA","6113",-6.91306450621225,43.08,28900,49.7426717710011,49.3680451493365,50.3703939571985,48.9924506579373,49.824682451409,49.4786095695423,49.1013117534683,50.0267164654695,49.5428344561879,49.1456517545308,48.9920681409292,49.7736652492899,49.4004511637042,49.0264257637435,49.1369084268139,49.0271572882979
"56",2017,"CALIFORNIA","6019",0.396935493787751,50.39,72000,54.7779892230313,54.9915216243713,55.5046762794618,54.2172132635455,54.4925254104613,54.804294893583,54.3804233836684,54.744217012777,54.8918347322268,54.0854025198409,54.2309936759217,54.5018128364936,54.7094820330022,53.9693750664604,54.1096585186336,53.9829275966217
"66",2017,"CALIFORNIA","6029",1.33693549378775,51.33,8600,52.8686556894595,53.6309821968978,53.6218873186403,52.6530523081858,52.4216053194928,53.3470245910341,52.7090636577857,52.4804947797609,53.260337891774,52.2645540393259,52.6679310175875,52.4440274867106,53.1943050088715,52.2708583996586,52.2904975575285,52.2808058911596
"74",2017,"CALIFORNIA","6031",1.88693549378775,51.88,25000,55.1797866566536,54.6850903333229,55.4912497124683,54.3931547388183,55.089651870375,54.6107991385204,54.3956962694251,55.115010932107,54.5313487596298,54.2551730876821,54.3931784251788,55.0155606484909,54.524348739751,54.2553791291728,54.2409231232614,54.2497873304307
"84",2017,"CALIFORNIA","6039",-0.273064506212251,49.72,5000,53.3226389694444,53.2233708421413,53.8190546890608,52.7003669558337,53.1381830381528,53.1011665544415,52.4634364380212,52.8516573905412,52.7522704286151,52.2260785990324,52.7055761611279,53.0990396450621,52.9982360480918,52.5053121502327,52.2534255334325,52.5062911025572
"89",2017,"CALIFORNIA","6047",-2.04306450621225,47.95,19000,54.4267609101011,54.424003728398,55.3883024098839,53.6782563154954,54.3207145000348,54.3800545033426,53.753688928185,54.5430310686501,54.4632511824006,53.6290703412975,53.6966754289902,54.3698496515481,54.3630530921014,53.6217233053834,53.7032972406618,53.6510693290885
"99",2017,"CALIFORNIA","6077",-7.64306450621225,42.35,20400,49.4715821674261,49.2556670043441,50.0686564411106,48.8473791710641,49.4853473888919,49.3039102937827,48.87718308275,49.5857335337511,49.2988888834524,48.8595772205249,48.8512166656123,49.4632906474732,49.2471645690666,48.8427552166562,48.8744274148817,48.8491617377585
"109",2017,"CALIFORNIA","6099",-10.3730645062123,39.62,6300,49.2872387956355,49.3685385610264,50.3528303886099,48.547690417167,49.2093115644264,49.3772766803138,48.6178006411043,49.4078614316243,49.4164512124863,48.5167160042919,48.5621375931102,49.2364827906379,49.312456873973,48.4992733973024,48.573471982079,48.5221245913586
